{
  "countries": [
    {
      "id": "1",
      "name": "Algeriaa"
    },
    {
      "id": "2",
      "name": "American Samoa"
    },
    {
      "id": "3",
      "name": "AndorrA"
    },
    {
      "id": "4",
      "name": "Angola"
    },
    {
      "id": "5",
      "name": "Anguilla"
    },
    {
      "id": "6",
      "name": "Antarctica"
    },
    {
      "id": "7",
      "name": "Antigua and Barbuda"
    },
    {
      "id": "8",
      "name": "Argentina"
    },
    {
      "id": "9",
      "name": "Armenia"
    },
    {
      "id": "10",
      "name": "Aruba"
    },
    {
      "id": "11",
      "name": "Australia"
    },
    {
      "id": "12",
      "name": "Austria"
    },
    {
      "id": "13",
      "name": "Azerbaijans"
    },
    {
      "id": "14",
      "name": "Banglaa"
    },
    {
      "id": "15",
      "name": "India"
    },
    {
      "id": "16",
      "name": "Shreelankaa"
    }
  ]
}