{"cities": [
    {
     "id":"1",
     "state_id":"1",
     "city_name":"Visakhapatnam"
    }, 
    {
        "id":"2",
        "state_id":"1",
        "city_name":"Vijayawada"
    }, 
    {
      "id":"3",
     "state_id":"1",
     "city_name":"Guntur"
    }, 
    {
        "id":"4",
        "state_id":"1",
        "city_name":"Tirupati"
    }, 
    {
        "id":"5",
        "state_id":"2",
        "city_name":"Ahmedabad"
    }, 
    {
        "id":"6",
        "state_id":"2",
        "city_name":"Somnath"
    }, 
    {
        "id":"7",
        "state_id":"2",
        "city_name":"Dwarka"
    }, 
    {
        "id":"8",
        "state_id":"2",
        "city_name":"Surat"
    }, 
    {
        "id":"9",
        "state_id":"3",
        "city_name":"Faridabad"
    }, 
    {
        "id":"10",
        "state_id":"3",
        "city_name":"Gurugram"
    }

   ],
   "states":[{
       "id": "1",
       "country_id":"1",
       "state_name":"Andhra Pradesh"
   },
   {
    "id": "2",
    "country_id":"1",
    "state_name":"Gujrat"
},
{
    "id": "3",
    "country_id":"1",
    "state_name":"Haryana"
},
{
    "id": "4",
    "country_id":"1",
    "state_name":"Uttar Pradesh"
},
{
    "id": "5",
    "country_id":"2",
    "state_name":"Alabama"
},
{
    "id": "6",
    "country_id":"2",
    "state_name":"Alaska"
},
{
    "id": "7",
    "country_id":"2",
    "state_name":"American Samoa"
},
{
    "id": "8",
    "country_id":"2",
    "state_name":"Arizona"
}
   ],
   "countries":[
       {
           "id":"1",
           "country_name":"India"
       },
       {
           "id":"2",
           "country_name":"United States"
       }
   ]
   
}